signature,autocad_release,readiness,file_count
"107 pa","not_recognized_as_dwg","rejected_before_conversion",1
"112 pa","not_recognized_as_dwg","rejected_before_conversion",1
"119 pa","not_recognized_as_dwg","rejected_before_conversion",2
"121 pa","not_recognized_as_dwg","rejected_before_conversion",1
"123 pa","not_recognized_as_dwg","rejected_before_conversion",1
"125 pa","not_recognized_as_dwg","rejected_before_conversion",1
"127 pa","not_recognized_as_dwg","rejected_before_conversion",1
"129 pa","not_recognized_as_dwg","rejected_before_conversion",1
"132 pa","not_recognized_as_dwg","rejected_before_conversion",1
"133 pa","not_recognized_as_dwg","rejected_before_conversion",1
"135 pa","not_recognized_as_dwg","rejected_before_conversion",1
"136 pa","not_recognized_as_dwg","rejected_before_conversion",2
"137 pa","not_recognized_as_dwg","rejected_before_conversion",2
"139 pa","not_recognized_as_dwg","rejected_before_conversion",5
"141 pa","not_recognized_as_dwg","rejected_before_conversion",1
"143 pa","not_recognized_as_dwg","rejected_before_conversion",5
"146 pa","not_recognized_as_dwg","rejected_before_conversion",1
"147 pa","not_recognized_as_dwg","rejected_before_conversion",6
"148 pa","not_recognized_as_dwg","rejected_before_conversion",1
"149 pa","not_recognized_as_dwg","rejected_before_conversion",1
"151 pa","not_recognized_as_dwg","rejected_before_conversion",5
"153 pa","not_recognized_as_dwg","rejected_before_conversion",2
"154 pa","not_recognized_as_dwg","rejected_before_conversion",4
"157 pa","not_recognized_as_dwg","rejected_before_conversion",1
"159 pa","not_recognized_as_dwg","rejected_before_conversion",1
"160 pa","not_recognized_as_dwg","rejected_before_conversion",1
"163 pa","not_recognized_as_dwg","rejected_before_conversion",10
"165 pa","not_recognized_as_dwg","rejected_before_conversion",3
"168 pa","not_recognized_as_dwg","rejected_before_conversion",1
"171 pa","not_recognized_as_dwg","rejected_before_conversion",1
"172 pa","not_recognized_as_dwg","rejected_before_conversion",7
"173 pa","not_recognized_as_dwg","rejected_before_conversion",4
"174 pa","not_recognized_as_dwg","rejected_before_conversion",1
"175 pa","not_recognized_as_dwg","rejected_before_conversion",4
"178 pa","not_recognized_as_dwg","rejected_before_conversion",2
"182 pa","not_recognized_as_dwg","rejected_before_conversion",1
"183 pa","not_recognized_as_dwg","rejected_before_conversion",1
"186 pa","not_recognized_as_dwg","rejected_before_conversion",6
"189 pa","not_recognized_as_dwg","rejected_before_conversion",1
"190 pa","not_recognized_as_dwg","rejected_before_conversion",2
"192 pa","not_recognized_as_dwg","rejected_before_conversion",39
"193 pa","not_recognized_as_dwg","rejected_before_conversion",1
"194 pa","not_recognized_as_dwg","rejected_before_conversion",10
"196 pa","not_recognized_as_dwg","rejected_before_conversion",4
"198 pa","not_recognized_as_dwg","rejected_before_conversion",1
"208 pa","not_recognized_as_dwg","rejected_before_conversion",6
"210 pa","not_recognized_as_dwg","rejected_before_conversion",2
"211 pa","not_recognized_as_dwg","rejected_before_conversion",4
"214 pa","not_recognized_as_dwg","rejected_before_conversion",1
"216 pa","not_recognized_as_dwg","rejected_before_conversion",2
"217 pa","not_recognized_as_dwg","rejected_before_conversion",1
"218 pa","not_recognized_as_dwg","rejected_before_conversion",7
"220 pa","not_recognized_as_dwg","rejected_before_conversion",7
"222 pa","not_recognized_as_dwg","rejected_before_conversion",2
"223 pa","not_recognized_as_dwg","rejected_before_conversion",2
"237 pa","not_recognized_as_dwg","rejected_before_conversion",1
"241 pa","not_recognized_as_dwg","rejected_before_conversion",1
"247 pa","not_recognized_as_dwg","rejected_before_conversion",1
"264 pa","not_recognized_as_dwg","rejected_before_conversion",1
"349 pa","not_recognized_as_dwg","rejected_before_conversion",1
"400 pa","not_recognized_as_dwg","rejected_before_conversion",1
"78 pat","not_recognized_as_dwg","rejected_before_conversion",1
"AC1015","R2000","candidate_same_or_newer_dxf",148
"AC1018","R2004","candidate_same_or_newer_dxf",12
"AC1021","R2007","candidate_same_or_newer_dxf",18
"AC1024","R2010","candidate_same_or_newer_dxf",87
"AC1027","R2013-R2017","candidate_same_or_newer_dxf",59
"AC1032","R2018-R2025","target_ac1032",495
